332,tls1_clnt.c,CBMC,axtls_2_1_4,overflow,1,False
426,tls1_clnt.c,CBMC,axtls_2_1_4,pointer dereference,1,False
521,tls1_clnt.c,CBMC,axtls_2_1_4,overflow,1,False
170,tls1_clnt.c,CBMC,axtls_2_1_4,pointer dereference,1,False
2028,tls1.c,CBMC,axtls_2_1_4,overflow,1,False
503,tls1_svr.c,CBMC,axtls_2_1_4,pointer dereference,1,False
2111,tls1.c,CBMC,axtls_2_1_4,assertion,1,False
271,tls1_clnt.c,CBMC,axtls_2_1_4,pointer dereference,1,False
220,tls1_clnt.c,CBMC,axtls_2_1_4,pointer dereference,1,False
229,rsa.c,CBMC,axtls_2_1_4,pointer dereference,1,False
97,tls1_svr.c,CBMC,axtls_2_1_4,pointer dereference,1,False
2080,tls1.c,CBMC,axtls_2_1_4,pointer dereference,1,False
65,tls1_svr.c,CBMC,axtls_2_1_4,pointer dereference,1,False
620,x509.c,CBMC,axtls_2_1_4,pointer dereference,1,False
142,x509.c,CBMC,axtls_2_1_4,pointer dereference,1,False
752,x509.c,CBMC,axtls_2_1_4,overflow,1,False
526,tls1.c,CBMC,axtls_2_1_4,pointer dereference,1,False
503,x509.c,CBMC,axtls_2_1_4,pointer dereference,1,False
446,tls1_clnt.c,CBMC,axtls_2_1_4,overflow,1,False
363,tls1_clnt.c,CBMC,axtls_2_1_4,overflow,1,False
252,tls1_clnt.c,CBMC,axtls_2_1_4,overflow,1,False
369,x509.c,CBMC,axtls_2_1_4,pointer dereference,1,False
572,asn1.c,CBMC,axtls_2_1_4,pointer dereference,1,False
234,tls1_clnt.c,CBMC,axtls_2_1_4,overflow,1,False
530,tls1_clnt.c,CBMC,axtls_2_1_4,pointer dereference,1,False
265,tls1_clnt.c,CBMC,axtls_2_1_4,overflow,1,False
606,asn1.c,CBMC,axtls_2_1_4,pointer dereference,1,False
722,x509.c,CBMC,axtls_2_1_4,pointer dereference,1,False
287,tls1_clnt.c,CBMC,axtls_2_1_4,pointer dereference,1,False
442,tls1_clnt.c,CBMC,axtls_2_1_4,overflow,1,False
2019,tls1.c,CBMC,axtls_2_1_4,overflow,1,False
1987,tls1.c,CBMC,axtls_2_1_4,overflow,1,False
462,tls1_clnt.c,CBMC,axtls_2_1_4,pointer dereference,1,False
230,rsa.c,CBMC,axtls_2_1_4,pointer dereference,1,False
269,tls1_clnt.c,CBMC,axtls_2_1_4,overflow,1,False
612,asn1.c,CBMC,axtls_2_1_4,assertion,1,False
280,tls1.c,CBMC,axtls_2_1_4,pointer dereference,1,False
751,x509.c,CBMC,axtls_2_1_4,pointer dereference,1,False
308,tls1_clnt.c,CBMC,axtls_2_1_4,pointer dereference,1,False
2210,tls1.c,CBMC,axtls_2_1_4,pointer dereference,1,False
167,tls1_clnt.c,CBMC,axtls_2_1_4,pointer dereference,1,False
2039,tls1.c,CBMC,axtls_2_1_4,pointer dereference,1,False
447,tls1_clnt.c,CBMC,axtls_2_1_4,overflow,1,False
470,x509.c,CBMC,axtls_2_1_4,pointer dereference,1,False
281,tls1_clnt.c,CBMC,axtls_2_1_4,overflow,1,False
520,tls1_clnt.c,CBMC,axtls_2_1_4,pointer dereference,1,False
561,x509.c,CBMC,axtls_2_1_4,pointer dereference,1,False
184,x509.c,CBMC,axtls_2_1_4,overflow,1,False
510,tls1_clnt.c,CBMC,axtls_2_1_4,overflow,1,False
479,tls1_svr.c,CBMC,axtls_2_1_4,pointer dereference,1,False
343,tls1_clnt.c,CBMC,axtls_2_1_4,pointer dereference,1,False
203,tls1_clnt.c,CBMC,axtls_2_1_4,pointer dereference,1,False
222,tls1_clnt.c,CBMC,axtls_2_1_4,overflow,1,False
494,tls1_svr.c,CBMC,axtls_2_1_4,pointer dereference,1,False
410,tls1_clnt.c,CBMC,axtls_2_1_4,pointer dereference,1,False
442,tls1_svr.c,CBMC,axtls_2_1_4,pointer dereference,1,False
833,x509.c,CBMC,axtls_2_1_4,pointer dereference,1,False
460,tls1_svr.c,CBMC,axtls_2_1_4,pointer dereference,1,False
2206,tls1.c,CBMC,axtls_2_1_4,pointer dereference,1,False
477,x509.c,CBMC,axtls_2_1_4,pointer dereference,1,False
279,tls1_svr.c,CBMC,axtls_2_1_4,pointer dereference,1,False
642,asn1.c,CBMC,axtls_2_1_4,overflow,1,False
279,tls1_clnt.c,CBMC,axtls_2_1_4,overflow,1,False
643,asn1.c,CBMC,axtls_2_1_4,overflow,1,False
518,tls1_svr.c,CBMC,axtls_2_1_4,overflow,1,False
173,x509.c,CBMC,axtls_2_1_4,overflow,1,False
657,bigint.c,CBMC,axtls_2_1_4,pointer dereference,1,False
276,tls1_clnt.c,CBMC,axtls_2_1_4,pointer dereference,1,False
219,tls1_clnt.c,CBMC,axtls_2_1_4,overflow,1,False
488,tls1_clnt.c,CBMC,axtls_2_1_4,pointer dereference,1,False
263,tls1_clnt.c,CBMC,axtls_2_1_4,overflow,1,False
438,tls1_clnt.c,CBMC,axtls_2_1_4,pointer dereference,1,False
431,tls1_clnt.c,CBMC,axtls_2_1_4,overflow,1,False
481,tls1.c,CBMC,axtls_2_1_4,pointer dereference,1,False
255,x509.c,CBMC,axtls_2_1_4,pointer dereference,1,False
350,tls1_clnt.c,CBMC,axtls_2_1_4,overflow,1,False
478,tls1.c,CBMC,axtls_2_1_4,pointer dereference,1,False
483,tls1_svr.c,CBMC,axtls_2_1_4,pointer dereference,1,False
330,x509.c,CBMC,axtls_2_1_4,pointer dereference,1,False
566,asn1.c,CBMC,axtls_2_1_4,pointer dereference,1,False
2098,tls1.c,CBMC,axtls_2_1_4,pointer dereference,1,False
525,tls1_svr.c,CBMC,axtls_2_1_4,pointer dereference,1,False
2061,tls1.c,CBMC,axtls_2_1_4,pointer dereference,1,False
629,x509.c,CBMC,axtls_2_1_4,pointer dereference,1,False
252,x509.c,CBMC,axtls_2_1_4,pointer dereference,1,False
2049,tls1.c,CBMC,axtls_2_1_4,pointer dereference,1,False
72,tls1_clnt.c,CBMC,axtls_2_1_4,pointer dereference,1,False
81,tls1_clnt.c,CBMC,axtls_2_1_4,pointer dereference,1,False
616,x509.c,CBMC,axtls_2_1_4,pointer dereference,1,False
662,bigint.c,CBMC,axtls_2_1_4,pointer dereference,1,False
153,x509.c,CBMC,axtls_2_1_4,pointer dereference,1,False
623,x509.c,CBMC,axtls_2_1_4,pointer dereference,1,False
261,x509.c,CBMC,axtls_2_1_4,overflow,1,False
207,tls1_clnt.c,CBMC,axtls_2_1_4,pointer dereference,1,False
704,x509.c,CBMC,axtls_2_1_4,pointer dereference,1,False
64,x509.c,CBMC,axtls_2_1_4,overflow,1,False
793,x509.c,CBMC,axtls_2_1_4,pointer dereference,1,False
773,x509.c,CBMC,axtls_2_1_4,pointer dereference,1,False
649,asn1.c,CBMC,axtls_2_1_4,overflow,1,False
743,x509.c,CBMC,axtls_2_1_4,pointer dereference,1,False
779,x509.c,CBMC,axtls_2_1_4,pointer dereference,1,False
494,tls1_clnt.c,CBMC,axtls_2_1_4,pointer dereference,1,False
760,x509.c,CBMC,axtls_2_1_4,pointer dereference,1,False
2052,tls1.c,CBMC,axtls_2_1_4,overflow,1,False
486,tls1_svr.c,CBMC,axtls_2_1_4,overflow,1,False
253,tls1_clnt.c,CBMC,axtls_2_1_4,overflow,1,False
231,tls1_clnt.c,CBMC,axtls_2_1_4,overflow,1,False
664,bigint.c,CBMC,axtls_2_1_4,overflow,1,False
436,tls1_clnt.c,CBMC,axtls_2_1_4,pointer dereference,1,False
2191,tls1.c,CBMC,axtls_2_1_4,pointer dereference,1,False
813,x509.c,CBMC,axtls_2_1_4,pointer dereference,1,False
299,tls1_clnt.c,CBMC,axtls_2_1_4,pointer dereference,1,False
695,x509.c,CBMC,axtls_2_1_4,pointer dereference,1,False
425,tls1.c,CBMC,axtls_2_1_4,pointer dereference,1,False
690,bigint.c,CBMC,axtls_2_1_4,pointer dereference,1,False
2228,tls1.c,CBMC,axtls_2_1_4,overflow,1,False
641,x509.c,CBMC,axtls_2_1_4,pointer dereference,1,False
522,tls1.c,CBMC,axtls_2_1_4,pointer dereference,1,False
249,x509.c,CBMC,axtls_2_1_4,pointer dereference,1,False
180,rsa.c,CBMC,axtls_2_1_4,overflow,1,False
200,tls1_clnt.c,CBMC,axtls_2_1_4,pointer dereference,1,False
2040,tls1.c,CBMC,axtls_2_1_4,overflow,1,False
208,tls1_clnt.c,CBMC,axtls_2_1_4,pointer dereference,1,False
462,x509.c,CBMC,axtls_2_1_4,pointer dereference,1,False
355,tls1_clnt.c,CBMC,axtls_2_1_4,pointer dereference,1,False
2050,tls1.c,CBMC,axtls_2_1_4,pointer dereference,1,False
82,tls1_clnt.c,CBMC,axtls_2_1_4,pointer dereference,1,False
570,asn1.c,CBMC,axtls_2_1_4,pointer dereference,1,False
264,tls1_clnt.c,CBMC,axtls_2_1_4,overflow,1,False
524,tls1_clnt.c,CBMC,axtls_2_1_4,pointer dereference,1,False
413,tls1_clnt.c,CBMC,axtls_2_1_4,pointer dereference,1,False
360,tls1_clnt.c,CBMC,axtls_2_1_4,pointer dereference,1,False
310,tls1_clnt.c,CBMC,axtls_2_1_4,pointer dereference,1,False
286,tls1_clnt.c,CBMC,axtls_2_1_4,overflow,1,False
162,x509.c,CBMC,axtls_2_1_4,overflow,1,False
175,x509.c,CBMC,axtls_2_1_4,pointer dereference,1,False
635,x509.c,CBMC,axtls_2_1_4,pointer dereference,1,False
1163,tls1.c,CBMC,axtls_2_1_4,pointer dereference,1,False
379,tls1_clnt.c,CBMC,axtls_2_1_4,pointer dereference,1,False
759,asn1.c,CBMC,axtls_2_1_4,pointer dereference,1,False
278,tls1_clnt.c,CBMC,axtls_2_1_4,overflow,1,False
143,loader.c,CBMC,axtls_2_1_4,pointer dereference,1,False
2009,tls1.c,CBMC,axtls_2_1_4,overflow,1,False
213,tls1_clnt.c,CBMC,axtls_2_1_4,pointer dereference,1,False
500,x509.c,CBMC,axtls_2_1_4,pointer dereference,1,False
2104,tls1.c,CBMC,axtls_2_1_4,pointer dereference,1,False
2002,tls1.c,CBMC,axtls_2_1_4,pointer dereference,1,False
227,rsa.c,CBMC,axtls_2_1_4,pointer dereference,1,False
648,asn1.c,CBMC,axtls_2_1_4,overflow,1,False
573,asn1.c,CBMC,axtls_2_1_4,pointer dereference,1,False
331,tls1_clnt.c,CBMC,axtls_2_1_4,overflow,1,False
2003,tls1.c,CBMC,axtls_2_1_4,overflow,1,False
327,tls1_clnt.c,CBMC,axtls_2_1_4,pointer dereference,1,False
254,x509.c,CBMC,axtls_2_1_4,pointer dereference,1,False
464,x509.c,CBMC,axtls_2_1_4,pointer dereference,1,False
510,x509.c,CBMC,axtls_2_1_4,pointer dereference,1,False
186,x509.c,CBMC,axtls_2_1_4,pointer dereference,1,False
1981,tls1.c,CBMC,axtls_2_1_4,pointer dereference,1,False
452,tls1_clnt.c,CBMC,axtls_2_1_4,overflow,1,False
472,tls1_svr.c,CBMC,axtls_2_1_4,pointer dereference,1,False
2021,tls1.c,CBMC,axtls_2_1_4,overflow,1,False
180,tls1_clnt.c,CBMC,axtls_2_1_4,pointer dereference,1,False
359,tls1_clnt.c,CBMC,axtls_2_1_4,overflow,1,False
99,tls1_svr.c,CBMC,axtls_2_1_4,overflow,1,False
493,tls1.c,CBMC,axtls_2_1_4,pointer dereference,1,False
518,x509.c,CBMC,axtls_2_1_4,pointer dereference,1,False
478,tls1_clnt.c,CBMC,axtls_2_1_4,pointer dereference,1,False
166,tls1_clnt.c,CBMC,axtls_2_1_4,pointer dereference,1,False
331,x509.c,CBMC,axtls_2_1_4,pointer dereference,1,False
493,tls1_clnt.c,CBMC,axtls_2_1_4,pointer dereference,1,False
496,tls1.c,CBMC,axtls_2_1_4,pointer dereference,1,False
684,bigint.c,CBMC,axtls_2_1_4,pointer dereference,1,False
392,tls1_clnt.c,CBMC,axtls_2_1_4,pointer dereference,1,False
2020,tls1.c,CBMC,axtls_2_1_4,pointer dereference,1,False
476,tls1_clnt.c,CBMC,axtls_2_1_4,pointer dereference,1,False
172,tls1_clnt.c,CBMC,axtls_2_1_4,pointer dereference,1,False
2053,tls1.c,CBMC,axtls_2_1_4,overflow,1,False
534,x509.c,CBMC,axtls_2_1_4,pointer dereference,1,False
342,tls1_clnt.c,CBMC,axtls_2_1_4,pointer dereference,1,False
241,tls1_clnt.c,CBMC,axtls_2_1_4,overflow,1,False
288,tls1_clnt.c,CBMC,axtls_2_1_4,overflow,1,False
638,asn1.c,CBMC,axtls_2_1_4,pointer dereference,1,False
393,tls1_clnt.c,CBMC,axtls_2_1_4,pointer dereference,1,False
524,x509.c,CBMC,axtls_2_1_4,pointer dereference,1,False
562,x509.c,CBMC,axtls_2_1_4,pointer dereference,1,False
497,tls1_clnt.c,CBMC,axtls_2_1_4,overflow,1,False
531,tls1_clnt.c,CBMC,axtls_2_1_4,pointer dereference,1,False
502,tls1.c,CBMC,axtls_2_1_4,pointer dereference,1,False
85,tls1_clnt.c,CBMC,axtls_2_1_4,pointer dereference,1,False
236,tls1_clnt.c,CBMC,axtls_2_1_4,overflow,1,False
284,tls1_clnt.c,CBMC,axtls_2_1_4,overflow,1,False
647,x509.c,CBMC,axtls_2_1_4,pointer dereference,1,False
2059,tls1.c,CBMC,axtls_2_1_4,pointer dereference,1,False
731,x509.c,CBMC,axtls_2_1_4,pointer dereference,1,False
484,tls1.c,CBMC,axtls_2_1_4,pointer dereference,1,False
705,asn1.c,CBMC,axtls_2_1_4,pointer dereference,1,False
402,tls1_clnt.c,CBMC,axtls_2_1_4,pointer dereference,1,False
87,tls1_clnt.c,CBMC,axtls_2_1_4,pointer dereference,1,False
282,x509.c,CBMC,axtls_2_1_4,pointer dereference,1,False
229,x509.c,CBMC,axtls_2_1_4,pointer dereference,1,False
371,x509.c,CBMC,axtls_2_1_4,pointer dereference,1,False
654,asn1.c,CBMC,axtls_2_1_4,pointer dereference,1,False
274,tls1_svr.c,CBMC,axtls_2_1_4,pointer dereference,1,False
528,x509.c,CBMC,axtls_2_1_4,pointer dereference,1,False
463,tls1.c,CBMC,axtls_2_1_4,pointer dereference,1,False
520,tls1.c,CBMC,axtls_2_1_4,overflow,1,False
713,x509.c,CBMC,axtls_2_1_4,pointer dereference,1,False
408,x509.c,CBMC,axtls_2_1_4,overflow,1,False
283,x509.c,CBMC,axtls_2_1_4,pointer dereference,1,False
2094,tls1.c,CBMC,axtls_2_1_4,pointer dereference,1,False
165,tls1_clnt.c,CBMC,axtls_2_1_4,pointer dereference,1,False
295,tls1_clnt.c,CBMC,axtls_2_1_4,pointer dereference,1,False
421,tls1.c,CBMC,axtls_2_1_4,overflow,1,False
2078,tls1.c,CBMC,axtls_2_1_4,pointer dereference,1,False
267,tls1_clnt.c,CBMC,axtls_2_1_4,overflow,1,False
406,tls1_clnt.c,CBMC,axtls_2_1_4,pointer dereference,1,False
443,tls1_clnt.c,CBMC,axtls_2_1_4,overflow,1,False
527,tls1_clnt.c,CBMC,axtls_2_1_4,overflow,1,False
130,x509.c,CBMC,axtls_2_1_4,pointer dereference,1,False
2069,tls1.c,CBMC,axtls_2_1_4,pointer dereference,1,False
1137,tls1.c,CBMC,axtls_2_1_4,pointer dereference,1,False
490,tls1_svr.c,CBMC,axtls_2_1_4,pointer dereference,1,False
282,tls1_clnt.c,CBMC,axtls_2_1_4,overflow,1,False
404,x509.c,CBMC,axtls_2_1_4,pointer dereference,1,False
1574,tls1.c,CBMC,axtls_2_1_4,pointer dereference,1,False
491,tls1_clnt.c,CBMC,axtls_2_1_4,pointer dereference,1,False
2011,tls1.c,CBMC,axtls_2_1_4,overflow,1,False
250,x509.c,CBMC,axtls_2_1_4,pointer dereference,1,False
667,bigint.c,CBMC,axtls_2_1_4,overflow,1,False
532,x509.c,CBMC,axtls_2_1_4,pointer dereference,1,False
232,tls1.c,CBMC,axtls_2_1_4,pointer dereference,1,False
578,x509.c,CBMC,axtls_2_1_4,pointer dereference,1,False
2022,tls1.c,CBMC,axtls_2_1_4,overflow,1,False
441,tls1_clnt.c,CBMC,axtls_2_1_4,overflow,1,False
2091,tls1.c,CBMC,axtls_2_1_4,overflow,1,False
240,tls1_clnt.c,CBMC,axtls_2_1_4,overflow,1,False
164,x509.c,CBMC,axtls_2_1_4,pointer dereference,1,False
452,tls1.c,CBMC,axtls_2_1_4,overflow,1,False
227,tls1_clnt.c,CBMC,axtls_2_1_4,overflow,1,False
256,x509.c,CBMC,axtls_2_1_4,overflow,1,False
483,x509.c,CBMC,axtls_2_1_4,pointer dereference,1,False
1999,tls1.c,CBMC,axtls_2_1_4,pointer dereference,1,False
470,tls1_svr.c,CBMC,axtls_2_1_4,pointer dereference,1,False
366,tls1_clnt.c,CBMC,axtls_2_1_4,pointer dereference,1,False
249,tls1_clnt.c,CBMC,axtls_2_1_4,pointer dereference,1,False
517,tls1.c,CBMC,axtls_2_1_4,pointer dereference,1,False
522,tls1_clnt.c,CBMC,axtls_2_1_4,overflow,1,False
407,x509.c,CBMC,axtls_2_1_4,overflow,1,False
2079,tls1.c,CBMC,axtls_2_1_4,pointer dereference,1,False
490,tls1.c,CBMC,axtls_2_1_4,pointer dereference,1,False
270,tls1_clnt.c,CBMC,axtls_2_1_4,overflow,1,False
70,tls1_clnt.c,CBMC,axtls_2_1_4,pointer dereference,1,False
239,x509.c,CBMC,axtls_2_1_4,overflow,1,False
344,tls1_clnt.c,CBMC,axtls_2_1_4,pointer dereference,1,False
372,x509.c,CBMC,axtls_2_1_4,assertion,1,False
576,x509.c,CBMC,axtls_2_1_4,pointer dereference,1,False
2067,tls1.c,CBMC,axtls_2_1_4,overflow,1,False
499,tls1.c,CBMC,axtls_2_1_4,pointer dereference,1,False
245,x509.c,CBMC,axtls_2_1_4,overflow,1,False
261,tls1_clnt.c,CBMC,axtls_2_1_4,overflow,1,False
685,bigint.c,CBMC,axtls_2_1_4,overflow,1,False
446,tls1.c,CBMC,axtls_2_1_4,pointer dereference,1,False
412,tls1_svr.c,CBMC,axtls_2_1_4,pointer dereference,1,False
399,tls1_clnt.c,CBMC,axtls_2_1_4,overflow,1,False
526,tls1_clnt.c,CBMC,axtls_2_1_4,overflow,1,False
432,tls1_clnt.c,CBMC,axtls_2_1_4,pointer dereference,1,False
394,x509.c,CBMC,axtls_2_1_4,overflow,1,False
686,x509.c,CBMC,axtls_2_1_4,pointer dereference,1,False
374,x509.c,CBMC,axtls_2_1_4,pointer dereference,1,False
623,asn1.c,CBMC,axtls_2_1_4,overflow,1,False
113,tls1_clnt.c,CBMC,axtls_2_1_4,pointer dereference,1,False
1321,tls1.c,CBMC,axtls_2_1_4,pointer dereference,1,False
366,x509.c,CBMC,axtls_2_1_4,pointer dereference,1,False
2072,tls1.c,CBMC,axtls_2_1_4,pointer dereference,1,False
330,tls1_clnt.c,CBMC,axtls_2_1_4,pointer dereference,1,False
687,bigint.c,CBMC,axtls_2_1_4,overflow,1,False
540,x509.c,CBMC,axtls_2_1_4,overflow,1,False
140,x509.c,CBMC,axtls_2_1_4,overflow,1,False
560,x509.c,CBMC,axtls_2_1_4,pointer dereference,1,False
453,tls1_clnt.c,CBMC,axtls_2_1_4,overflow,1,False
496,tls1_svr.c,CBMC,axtls_2_1_4,pointer dereference,1,False
1185,tls1.c,CBMC,axtls_2_1_4,pointer dereference,1,False
253,x509.c,CBMC,axtls_2_1_4,overflow,1,False
244,x509.c,CBMC,axtls_2_1_4,overflow,1,False
625,asn1.c,CBMC,axtls_2_1_4,pointer dereference,1,False
569,asn1.c,CBMC,axtls_2_1_4,pointer dereference,1,False
388,tls1_clnt.c,CBMC,axtls_2_1_4,pointer dereference,1,False
412,tls1_clnt.c,CBMC,axtls_2_1_4,pointer dereference,1,False
364,x509.c,CBMC,axtls_2_1_4,pointer dereference,1,False
654,bigint.c,CBMC,axtls_2_1_4,overflow,1,False
258,x509.c,CBMC,axtls_2_1_4,overflow,1,False
2060,tls1.c,CBMC,axtls_2_1_4,pointer dereference,1,False
246,tls1_clnt.c,CBMC,axtls_2_1_4,overflow,1,False
472,tls1.c,CBMC,axtls_2_1_4,pointer dereference,1,False
661,bigint.c,CBMC,axtls_2_1_4,pointer dereference,1,False
221,tls1_clnt.c,CBMC,axtls_2_1_4,pointer dereference,1,False
609,asn1.c,CBMC,axtls_2_1_4,overflow,1,False
259,tls1_clnt.c,CBMC,axtls_2_1_4,pointer dereference,1,False
511,tls1_svr.c,CBMC,axtls_2_1_4,overflow,1,False
423,tls1.c,CBMC,axtls_2_1_4,pointer dereference,1,False
659,asn1.c,CBMC,axtls_2_1_4,pointer dereference,1,False
315,tls1_clnt.c,CBMC,axtls_2_1_4,pointer dereference,1,False
320,tls1_clnt.c,CBMC,axtls_2_1_4,pointer dereference,1,False
262,tls1_clnt.c,CBMC,axtls_2_1_4,overflow,1,False
451,tls1.c,CBMC,axtls_2_1_4,overflow,1,False
398,x509.c,CBMC,axtls_2_1_4,pointer dereference,1,False
2023,tls1.c,CBMC,axtls_2_1_4,overflow,1,False
176,rsa.c,CBMC,axtls_2_1_4,overflow,1,False
202,tls1_clnt.c,CBMC,axtls_2_1_4,pointer dereference,1,False
489,tls1_clnt.c,CBMC,axtls_2_1_4,pointer dereference,1,False
502,x509.c,CBMC,axtls_2_1_4,pointer dereference,1,False
198,tls1_clnt.c,CBMC,axtls_2_1_4,pointer dereference,1,False
469,tls1.c,CBMC,axtls_2_1_4,pointer dereference,1,False
256,tls1_clnt.c,CBMC,axtls_2_1_4,pointer dereference,1,False
454,tls1_clnt.c,CBMC,axtls_2_1_4,overflow,1,False
426,tls1.c,CBMC,axtls_2_1_4,overflow,1,False
117,/usr/include/x86_64-linux-gnu/bits/stdio2.h,CBMC,axtls_2_1_4,overflow,1,False
2029,tls1.c,CBMC,axtls_2_1_4,overflow,1,False
199,tls1_clnt.c,CBMC,axtls_2_1_4,pointer dereference,1,False
677,x509.c,CBMC,axtls_2_1_4,pointer dereference,1,False
268,tls1_clnt.c,CBMC,axtls_2_1_4,overflow,1,False
2322,tls1.c,CBMC,axtls_2_1_4,pointer dereference,1,False
463,x509.c,CBMC,axtls_2_1_4,pointer dereference,1,False
435,tls1_clnt.c,CBMC,axtls_2_1_4,pointer dereference,1,False
571,asn1.c,CBMC,axtls_2_1_4,pointer dereference,1,False
179,rsa.c,CBMC,axtls_2_1_4,overflow,1,False
288,x509.c,CBMC,axtls_2_1_4,pointer dereference,1,False
349,tls1_clnt.c,CBMC,axtls_2_1_4,pointer dereference,1,False
2129,tls1.c,CBMC,axtls_2_1_4,pointer dereference,1,False
656,x509.c,CBMC,axtls_2_1_4,pointer dereference,1,False
447,tls1.c,CBMC,axtls_2_1_4,pointer dereference,1,False
532,tls1_clnt.c,CBMC,axtls_2_1_4,overflow,1,False
2093,tls1.c,CBMC,axtls_2_1_4,pointer dereference,1,False
758,asn1.c,CBMC,axtls_2_1_4,overflow,1,False
266,tls1_clnt.c,CBMC,axtls_2_1_4,overflow,1,False
655,bigint.c,CBMC,axtls_2_1_4,overflow,1,False
475,tls1.c,CBMC,axtls_2_1_4,pointer dereference,1,False
191,tls1_clnt.c,CBMC,axtls_2_1_4,pointer dereference,1,False
245,tls1_clnt.c,CBMC,axtls_2_1_4,overflow,1,False
424,tls1_clnt.c,CBMC,axtls_2_1_4,pointer dereference,1,False
448,tls1_clnt.c,CBMC,axtls_2_1_4,overflow,1,False
595,x509.c,CBMC,axtls_2_1_4,pointer dereference,1,False
66,x509.c,CBMC,axtls_2_1_4,pointer dereference,1,False
487,tls1.c,CBMC,axtls_2_1_4,pointer dereference,1,False
217,tls1_clnt.c,CBMC,axtls_2_1_4,pointer dereference,1,False
214,tls1_clnt.c,CBMC,axtls_2_1_4,overflow,1,False
767,x509.c,CBMC,axtls_2_1_4,pointer dereference,1,False
533,x509.c,CBMC,axtls_2_1_4,pointer dereference,1,False
237,tls1_clnt.c,CBMC,axtls_2_1_4,overflow,1,False
230,x509.c,CBMC,axtls_2_1_4,pointer dereference,1,False
2235,tls1.c,CBMC,axtls_2_1_4,overflow,1,False
2103,tls1.c,CBMC,axtls_2_1_4,pointer dereference,1,False
566,tls1.c,CBMC,axtls_2_1_4,pointer dereference,1,False
210,tls1_clnt.c,CBMC,axtls_2_1_4,overflow,1,False
764,x509.c,CBMC,axtls_2_1_4,pointer dereference,1,False
644,asn1.c,CBMC,axtls_2_1_4,pointer dereference,1,False
668,x509.c,CBMC,axtls_2_1_4,pointer dereference,1,False
285,tls1_clnt.c,CBMC,axtls_2_1_4,pointer dereference,1,False
420,tls1.c,CBMC,axtls_2_1_4,pointer dereference,1,False
2038,tls1.c,CBMC,axtls_2_1_4,overflow,1,False
367,tls1.c,CBMC,axtls_2_1_4,pointer dereference,1,False
573,x509.c,CBMC,axtls_2_1_4,pointer dereference,1,False
206,tls1_clnt.c,CBMC,axtls_2_1_4,pointer dereference,1,False
272,tls1_clnt.c,CBMC,axtls_2_1_4,overflow,1,False
640,asn1.c,CBMC,axtls_2_1_4,pointer dereference,1,False
652,asn1.c,CBMC,axtls_2_1_4,pointer dereference,1,False
416,tls1_clnt.c,CBMC,axtls_2_1_4,overflow,1,False
273,tls1_clnt.c,CBMC,axtls_2_1_4,overflow,1,False
151,x509.c,CBMC,axtls_2_1_4,overflow,1,False
296,tls1_clnt.c,CBMC,axtls_2_1_4,overflow,1,False
2108,tls1.c,CBMC,axtls_2_1_4,assertion,1,False
691,bigint.c,CBMC,axtls_2_1_4,overflow,1,False
291,x509.c,CBMC,axtls_2_1_4,pointer dereference,1,False
230,tls1_clnt.c,CBMC,axtls_2_1_4,overflow,1,False
659,bigint.c,CBMC,axtls_2_1_4,overflow,1,False
209,tls1_clnt.c,CBMC,axtls_2_1_4,pointer dereference,1,False
689,bigint.c,CBMC,axtls_2_1_4,overflow,1,False
785,x509.c,CBMC,axtls_2_1_4,pointer dereference,1,False
523,x509.c,CBMC,axtls_2_1_4,pointer dereference,1,False
356,tls1_clnt.c,CBMC,axtls_2_1_4,overflow,1,False
411,tls1_clnt.c,CBMC,axtls_2_1_4,pointer dereference,1,False
257,x509.c,CBMC,axtls_2_1_4,pointer dereference,1,False
