197,crypto_misc.c,CBMC,axtls_2_1_4,array bounds,506,TRUE
126,/usr/include/x86_64-linux-gnu/bits/string3.h,CBMC,axtls_2_1_4,overflow,658,TRUE
1505,bigint.c,CBMC,axtls_2_1_4,pointer dereference,166,TRUE
181,crypto_misc.c,CBMC,axtls_2_1_4,pointer dereference,506,TRUE
1494,bigint.c,CBMC,axtls_2_1_4,pointer dereference,168,TRUE
793,bigint.c,CBMC,axtls_2_1_4,pointer dereference,339,TRUE
85,<builtin-library-strtol>,CBMC,axtls_2_1_4,overflow,658,TRUE
769,bigint.c,CBMC,axtls_2_1_4,pointer dereference,339,TRUE
255,/usr/include/x86_64-linux-gnu/bits/stdio2.h,CBMC,axtls_2_1_4,overflow,658,TRUE
64,/usr/include/x86_64-linux-gnu/bits/stdio2.h,CBMC,axtls_2_1_4,overflow,658,TRUE
763,bigint.c,CBMC,axtls_2_1_4,pointer dereference,339,TRUE
110,/usr/include/x86_64-linux-gnu/bits/string3.h,CBMC,axtls_2_1_4,overflow,658,TRUE
33,/usr/include/x86_64-linux-gnu/bits/stdlib-bsearch.h,CBMC,axtls_2_1_4,pointer dereference,658,TRUE
541,bigint.c,CBMC,axtls_2_1_4,overflow,339,TRUE
33,/usr/include/x86_64-linux-gnu/bits/stdio2.h,CBMC,axtls_2_1_4,overflow,504,TRUE
127,/usr/include/x86_64-linux-gnu/bits/stdio2.h,CBMC,axtls_2_1_4,overflow,314,TRUE
213,rsa.c,CBMC,axtls_2_1_4,pointer dereference,481,TRUE
1231,bigint.c,CBMC,axtls_2_1_4,pointer dereference,339,TRUE
24,<builtin-library-__builtin___memset_chk>,CBMC,axtls_2_1_4,overflow,658,TRUE
36,/usr/include/x86_64-linux-gnu/bits/unistd.h,CBMC,axtls_2_1_4,overflow,658,TRUE
97,/usr/include/x86_64-linux-gnu/bits/stdio2.h,CBMC,axtls_2_1_4,overflow,312,TRUE
608,proc.c,CBMC,axtls_2_1_4,pointer dereference,275,TRUE
473,loader.c,CBMC,axtls_2_1_4,overflow,247,TRUE
792,bigint.c,CBMC,axtls_2_1_4,pointer dereference,339,TRUE
1217,bigint.c,CBMC,axtls_2_1_4,array bounds,339,TRUE
327,aes.c,CBMC,axtls_2_1_4,array bounds,658,TRUE
1798,tls1.c,CBMC,axtls_2_1_4,pointer dereference,658,TRUE
37,/usr/include/x86_64-linux-gnu/bits/stdlib-bsearch.h,CBMC,axtls_2_1_4,overflow,658,TRUE
292,/usr/include/x86_64-linux-gnu/bits/stdio2.h,CBMC,axtls_2_1_4,overflow,658,TRUE
1223,bigint.c,CBMC,axtls_2_1_4,array bounds,339,TRUE
1216,bigint.c,CBMC,axtls_2_1_4,array bounds,339,TRUE
545,bigint.c,CBMC,axtls_2_1_4,overflow,339,TRUE
212,rsa.c,CBMC,axtls_2_1_4,pointer dereference,481,TRUE
200,crypto_misc.c,CBMC,axtls_2_1_4,overflow,172,TRUE
32,/usr/include/x86_64-linux-gnu/bits/stdlib-bsearch.h,CBMC,axtls_2_1_4,overflow,658,TRUE
766,bigint.c,CBMC,axtls_2_1_4,pointer dereference,339,TRUE
7,<builtin-library-inet_addr>,CBMC,axtls_2_1_4,pointer dereference,514,TRUE
1374,bigint.c,CBMC,axtls_2_1_4,pointer dereference,503,TRUE
285,/usr/include/x86_64-linux-gnu/bits/stdio2.h,CBMC,axtls_2_1_4,overflow,658,TRUE
1428,bigint.c,CBMC,axtls_2_1_4,pointer dereference,339,TRUE
1351,bigint.c,CBMC,axtls_2_1_4,pointer dereference,339,TRUE
182,crypto_misc.c,CBMC,axtls_2_1_4,pointer dereference,506,TRUE
47,/usr/include/x86_64-linux-gnu/bits/byteswap.h,CBMC,axtls_2_1_4,overflow,658,TRUE
552,bigint.c,CBMC,axtls_2_1_4,overflow,339,TRUE
1507,bigint.c,CBMC,axtls_2_1_4,pointer dereference,168,TRUE
1215,bigint.c,CBMC,axtls_2_1_4,pointer dereference,339,TRUE
1221,bigint.c,CBMC,axtls_2_1_4,pointer dereference,180,TRUE
764,bigint.c,CBMC,axtls_2_1_4,pointer dereference,339,TRUE
517,proc.c,CBMC,axtls_2_1_4,pointer dereference,520,TRUE
31,/usr/include/x86_64-linux-gnu/bits/stdlib-bsearch.h,CBMC,axtls_2_1_4,overflow,658,TRUE
1398,bigint.c,CBMC,axtls_2_1_4,pointer dereference,322,TRUE
765,bigint.c,CBMC,axtls_2_1_4,pointer dereference,339,TRUE
1226,bigint.c,CBMC,axtls_2_1_4,pointer dereference,339,TRUE
795,bigint.c,CBMC,axtls_2_1_4,pointer dereference,339,TRUE
289,/usr/include/x86_64-linux-gnu/bits/stdio2.h,CBMC,axtls_2_1_4,overflow,658,TRUE
126,crypto_misc.c,CBMC,axtls_2_1_4,overflow,172,TRUE
540,axhttpd.c,CBMC,axtls_2_1_4,overflow,514,TRUE
1358,bigint.c,CBMC,axtls_2_1_4,pointer dereference,339,TRUE
543,bigint.c,CBMC,axtls_2_1_4,overflow,339,TRUE
771,bigint.c,CBMC,axtls_2_1_4,pointer dereference,339,TRUE
1412,bigint.c,CBMC,axtls_2_1_4,pointer dereference,322,TRUE
21,<builtin-library-__builtin___memcpy_chk>,CBMC,axtls_2_1_4,overflow,658,TRUE
96,gen_cert.c,CBMC,axtls_2_1_4,overflow,326,TRUE
1232,bigint.c,CBMC,axtls_2_1_4,overflow,339,TRUE
1372,bigint.c,CBMC,axtls_2_1_4,pointer dereference,503,TRUE
1375,bigint.c,CBMC,axtls_2_1_4,pointer dereference,503,TRUE
1373,bigint.c,CBMC,axtls_2_1_4,pointer dereference,503,TRUE
539,bigint.c,CBMC,axtls_2_1_4,pointer dereference,339,TRUE
280,/usr/include/stdlib.h,CBMC,axtls_2_1_4,pointer dereference,658,TRUE
148,/usr/include/x86_64-linux-gnu/bits/string3.h,CBMC,axtls_2_1_4,overflow,658,TRUE
375,/usr/include/x86_64-linux-gnu/bits/unistd.h,CBMC,axtls_2_1_4,overflow,326,TRUE
768,bigint.c,CBMC,axtls_2_1_4,pointer dereference,339,TRUE
794,bigint.c,CBMC,axtls_2_1_4,pointer dereference,339,TRUE
538,axhttpd.c,CBMC,axtls_2_1_4,overflow,175,TRUE
196,crypto_misc.c,CBMC,axtls_2_1_4,overflow,506,TRUE
211,rsa.c,CBMC,axtls_2_1_4,pointer dereference,481,TRUE
260,/usr/include/x86_64-linux-gnu/bits/stdio2.h,CBMC,axtls_2_1_4,overflow,658,TRUE
447,loader.c,CBMC,axtls_2_1_4,overflow,498,TRUE
1356,bigint.c,CBMC,axtls_2_1_4,array bounds,339,TRUE
346,/usr/include/x86_64-linux-gnu/bits/unistd.h,CBMC,axtls_2_1_4,overflow,326,TRUE
462,loader.c,CBMC,axtls_2_1_4,overflow,507,TRUE
191,crypto_misc.c,CBMC,axtls_2_1_4,overflow,506,TRUE
