85,toys/other/nsenter.c,CBMC,toybox_0_7_5,overflow,735,TRUE
124,toys/other/nsenter.c,CBMC,toybox_0_7_5,pointer dereference,507,TRUE
82,toys/posix/ulimit.c,CBMC,toybox_0_7_5,pointer dereference,517,TRUE
132,toys/other/nsenter.c,CBMC,toybox_0_7_5,overflow,735,TRUE
75,toys/posix/ulimit.c,CBMC,toybox_0_7_5,overflow,517,TRUE
115,toys/posix/ulimit.c,CBMC,toybox_0_7_5,overflow,517,TRUE
149,toys/other/nsenter.c,CBMC,toybox_0_7_5,overflow,735,TRUE
146,toys/other/nsenter.c,CBMC,toybox_0_7_5,overflow,735,TRUE
572,toys/posix/ps.c,CBMC,toybox_0_7_5,pointer dereference,16,TRUE
150,toys/other/nsenter.c,CBMC,toybox_0_7_5,pointer dereference,735,TRUE
104,toys/other/nsenter.c,CBMC,toybox_0_7_5,overflow,735,TRUE
99,toys/other/nsenter.c,CBMC,toybox_0_7_5,overflow,735,TRUE
69,toys/posix/ulimit.c,CBMC,toybox_0_7_5,overflow,517,TRUE
111,toys/posix/ulimit.c,CBMC,toybox_0_7_5,pointer dereference,517,TRUE
126,toys/other/nsenter.c,CBMC,toybox_0_7_5,overflow,735,TRUE
78,toys/posix/ulimit.c,CBMC,toybox_0_7_5,overflow,517,TRUE
131,toys/other/nsenter.c,CBMC,toybox_0_7_5,overflow,735,TRUE
134,toys/other/nsenter.c,CBMC,toybox_0_7_5,overflow,735,TRUE
98,toys/posix/ulimit.c,CBMC,toybox_0_7_5,overflow,517,TRUE
110,toys/posix/ulimit.c,CBMC,toybox_0_7_5,pointer dereference,517,TRUE
109,toys/other/nsenter.c,CBMC,toybox_0_7_5,overflow,735,TRUE
80,toys/posix/ulimit.c,CBMC,toybox_0_7_5,overflow,517,TRUE
147,toys/other/nsenter.c,CBMC,toybox_0_7_5,array bounds,735,TRUE
159,toys/other/nsenter.c,CBMC,toybox_0_7_5,overflow,735,TRUE
116,./lib/lsm.h,CBMC,toybox_0_7_5,overflow,13,TRUE
102,toys/posix/ulimit.c,CBMC,toybox_0_7_5,overflow,517,TRUE
156,toys/other/nsenter.c,CBMC,toybox_0_7_5,array bounds,735,TRUE
98,toys/other/nsenter.c,CBMC,toybox_0_7_5,overflow,735,TRUE
109,./lib/lsm.h,CBMC,toybox_0_7_5,overflow,13,TRUE
