1319,crypto/bigint.c,infer,axtls_2_1_4,NULL_DEREFERENCE,497,TRUE
479,httpd/axhttpd.c,infer,axtls_2_1_4,NULL_DEREFERENCE,527,TRUE
173,ssl/p12.c,infer,axtls_2_1_4,NULL_DEREFERENCE,501,TRUE
135,httpd/htpasswd.c,infer,axtls_2_1_4,MEMORY_LEAK,307,TRUE
295,httpd/axhttpd.c,infer,axtls_2_1_4,DEAD_STORE,98,TRUE
633,httpd/proc.c,infer,axtls_2_1_4,UNINITIALIZED_VALUE,527,TRUE
671,httpd/proc.c,infer,axtls_2_1_4,UNINITIALIZED_VALUE,527,TRUE
117,httpd/htpasswd.c,infer,axtls_2_1_4,NULL_DEREFERENCE,307,TRUE
641,httpd/proc.c,infer,axtls_2_1_4,UNINITIALIZED_VALUE,527,TRUE
69,ssl/openssl.c,infer,axtls_2_1_4,NULL_DEREFERENCE,485,TRUE
670,httpd/proc.c,infer,axtls_2_1_4,UNINITIALIZED_VALUE,527,TRUE
177,ssl/p12.c,infer,axtls_2_1_4,NULL_DEREFERENCE,501,TRUE
476,httpd/axhttpd.c,infer,axtls_2_1_4,NULL_DEREFERENCE,527,TRUE
151,samples/c/axssl.c,infer,axtls_2_1_4,NULL_DEREFERENCE,337,TRUE
288,ssl/p12.c,infer,axtls_2_1_4,NULL_DEREFERENCE,501,TRUE
330,ssl/loader.c,infer,axtls_2_1_4,MEMORY_LEAK,482,TRUE
669,httpd/proc.c,infer,axtls_2_1_4,UNINITIALIZED_VALUE,527,TRUE
614,httpd/axhttpd.c,infer,axtls_2_1_4,NULL_DEREFERENCE,1000,FALSE
640,httpd/proc.c,infer,axtls_2_1_4,UNINITIALIZED_VALUE,527,TRUE
489,httpd/axhttpd.c,infer,axtls_2_1_4,NULL_DEREFERENCE,1000,FALSE
406,ssl/loader.c,infer,axtls_2_1_4,NULL_DEREFERENCE,482,TRUE
