131,toys/other/nsenter.c,CBMC,toybox_0_7_5,overflow,735,TRUE
572,toys/posix/ps.c,CBMC,toybox_0_7_5,pointer dereference,16,TRUE
26,toys/android/setenforce.c,CBMC,toybox_0_7_5,overflow,492,TRUE
30,toys/other/ascii.c,CBMC,toybox_0_7_5,overflow,496,TRUE
109,./lib/lsm.h,CBMC,toybox_0_7_5,overflow,13,TRUE
65,toys/example/test_scankey.c,CBMC,toybox_0_7_5,overflow,490,TRUE
77,toys/example/test_scankey.c,CBMC,toybox_0_7_5,overflow,490,TRUE
98,toys/example/skeleton.c,CBMC,toybox_0_7_5,pointer dereference,780,TRUE
29,toys/other/ascii.c,CBMC,toybox_0_7_5,overflow,496,TRUE
98,toys/posix/ulimit.c,CBMC,toybox_0_7_5,overflow,517,TRUE
111,toys/posix/ulimit.c,CBMC,toybox_0_7_5,pointer dereference,517,TRUE
22,toys/android/runcon.c,CBMC,toybox_0_7_5,pointer dereference,508,TRUE
44,toys/example/test_scankey.c,CBMC,toybox_0_7_5,overflow,490,TRUE
36,toys/other/chcon.c,CBMC,toybox_0_7_5,overflow,517,TRUE
27,toys/android/load_policy.c,CBMC,toybox_0_7_5,overflow,513,TRUE
74,toys/example/test_scankey.c,CBMC,toybox_0_7_5,overflow,490,TRUE
69,toys/posix/ulimit.c,CBMC,toybox_0_7_5,overflow,517,TRUE
156,toys/other/nsenter.c,CBMC,toybox_0_7_5,array bounds,735,TRUE
80,toys/posix/ulimit.c,CBMC,toybox_0_7_5,overflow,517,TRUE
159,toys/other/nsenter.c,CBMC,toybox_0_7_5,overflow,735,TRUE
28,toys/example/test_scankey.c,CBMC,toybox_0_7_5,overflow,490,TRUE
147,toys/other/nsenter.c,CBMC,toybox_0_7_5,array bounds,735,TRUE
110,toys/posix/ulimit.c,CBMC,toybox_0_7_5,pointer dereference,517,TRUE
83,toys/example/skeleton.c,CBMC,toybox_0_7_5,pointer dereference,780,TRUE
99,toys/other/nsenter.c,CBMC,toybox_0_7_5,overflow,735,TRUE
64,toys/example/test_scankey.c,CBMC,toybox_0_7_5,overflow,490,TRUE
28,toys/example/test_utf8towc.c,CBMC,toybox_0_7_5,overflow,491,TRUE
21,toys/example/test_human_readable.c,CBMC,toybox_0_7_5,pointer dereference,489,TRUE
56,toys/example/test_scankey.c,CBMC,toybox_0_7_5,pointer dereference,490,TRUE
28,toys/android/load_policy.c,CBMC,toybox_0_7_5,pointer dereference,513,TRUE
67,toys/example/test_scankey.c,CBMC,toybox_0_7_5,overflow,490,TRUE
134,toys/other/nsenter.c,CBMC,toybox_0_7_5,overflow,735,TRUE
31,toys/other/ascii.c,CBMC,toybox_0_7_5,overflow,496,TRUE
109,toys/other/nsenter.c,CBMC,toybox_0_7_5,overflow,735,TRUE
27,toys/android/setenforce.c,CBMC,toybox_0_7_5,overflow,492,TRUE
22,toys/android/load_policy.c,CBMC,toybox_0_7_5,pointer dereference,513,TRUE
68,toys/example/test_scankey.c,CBMC,toybox_0_7_5,overflow,490,TRUE
124,toys/other/nsenter.c,CBMC,toybox_0_7_5,pointer dereference,507,TRUE
43,toys/other/chcon.c,CBMC,toybox_0_7_5,pointer dereference,517,TRUE
146,toys/other/nsenter.c,CBMC,toybox_0_7_5,overflow,735,TRUE
41,toys/example/test_scankey.c,CBMC,toybox_0_7_5,overflow,490,TRUE
104,toys/other/nsenter.c,CBMC,toybox_0_7_5,overflow,735,TRUE
26,toys/other/chcon.c,CBMC,toybox_0_7_5,pointer dereference,517,TRUE
115,toys/posix/ulimit.c,CBMC,toybox_0_7_5,overflow,517,TRUE
102,toys/posix/ulimit.c,CBMC,toybox_0_7_5,overflow,517,TRUE
70,toys/example/skeleton.c,CBMC,toybox_0_7_5,pointer dereference,780,TRUE
24,toys/android/load_policy.c,CBMC,toybox_0_7_5,overflow,513,TRUE
34,toys/example/test_utf8towc.c,CBMC,toybox_0_7_5,pointer dereference,491,TRUE
36,toys/example/test_utf8towc.c,CBMC,toybox_0_7_5,overflow,491,TRUE
35,toys/other/ascii.c,CBMC,toybox_0_7_5,overflow,496,TRUE
34,toys/other/chcon.c,CBMC,toybox_0_7_5,assertion,517,TRUE
132,toys/other/nsenter.c,CBMC,toybox_0_7_5,overflow,735,TRUE
32,toys/other/chcon.c,CBMC,toybox_0_7_5,pointer dereference,517,TRUE
27,toys/other/ascii.c,CBMC,toybox_0_7_5,overflow,496,TRUE
76,toys/example/test_scankey.c,CBMC,toybox_0_7_5,overflow,490,TRUE
78,toys/posix/ulimit.c,CBMC,toybox_0_7_5,overflow,517,TRUE
22,toys/android/setenforce.c,CBMC,toybox_0_7_5,pointer dereference,492,TRUE
85,toys/other/nsenter.c,CBMC,toybox_0_7_5,overflow,735,TRUE
79,toys/example/skeleton.c,CBMC,toybox_0_7_5,pointer dereference,780,TRUE
38,toys/example/test_utf8towc.c,CBMC,toybox_0_7_5,overflow,491,TRUE
126,toys/other/nsenter.c,CBMC,toybox_0_7_5,overflow,735,TRUE
149,toys/other/nsenter.c,CBMC,toybox_0_7_5,overflow,735,TRUE
150,toys/other/nsenter.c,CBMC,toybox_0_7_5,pointer dereference,735,TRUE
66,toys/example/test_scankey.c,CBMC,toybox_0_7_5,overflow,490,TRUE
82,toys/posix/ulimit.c,CBMC,toybox_0_7_5,pointer dereference,517,TRUE
116,./lib/lsm.h,CBMC,toybox_0_7_5,overflow,13,TRUE
30,toys/android/load_policy.c,CBMC,toybox_0_7_5,overflow,513,TRUE
98,toys/other/nsenter.c,CBMC,toybox_0_7_5,overflow,735,TRUE
75,toys/posix/ulimit.c,CBMC,toybox_0_7_5,overflow,517,TRUE
